Francisca León Bueno,19787929-4,sevillamanuela@gmail.com,931339118,ZE8208
Carmen Carlos Valentín,13342320-7,victor-manuel96@toledo-baron.com,936548354,TE2403
Albert León Salvador,17.925.659-5,marina10@yahoo.com,991636555,JO4126
Jorge Agullo Peña,13741485-7,goicoecheaeva@parra-montes.cl,906606650,CNYL61
Clara Soledad Pons Perez,110749284,jose-carlos51@yahoo.cl,946145041,TTVU61
Antonia Múñiz Pavón,17443755-4,alvarobarrio@alberdi.com,943118935,MP6459
Manuel Ibañez-Alsina,11180352-9,ricardo02@mendez.com,922749524,JVNW62
Juan Manuel Marc Llorente Doménech,13371634-8,acastellanos@luis-vives.cl,957433801,PHEC51
Marta Cabrera,13732406-7,jose-ramonsalva@vilaplana.cl,908764503,LJ0023
Nicolás Quiroga-Cal,17155181-5,carrosamuel@yahoo.com,959900184,NV4253
Jose Miguel Ariño Polo,17408394-9,robertorobles@yahoo.com,926814522,AF2302
Irene Cabrera-Reig,13531848-8,raul15@gmail.com,961511068,SY0081
Jose Manuel Salvà Pol,19218932-4,blancoruben@real-baena.com,969329879,FLHI48
Cristian Aguilera,14493787-1,tbaron@bartolome.com,961422497,XQ8343
Iker Diego-Azcona,10087622-3,neirarafael@gmail.com,940309615,AG0201
Carla Acosta Bou,11547331-6,eugenianoriega@rivas.cl,932684135,CC3151
Irene Calzada Bosch,16456832-6,opalomo@codina-tejada.com,971632442,JC9387
Jordi Gabriel Acero Uriarte,10949620-8,quesadadomingo@gmail.com,958953599,TJPZ63
Jaime de Chacón,13155532-7,nataliaagullo@oliva.cl,907569719,UUKW33
Clara Dalmau-Bayo,166198912,lorenamanzano@hotmail.com,951726924,WCBU76
Ignacio Jaume Castells,18526516-6,alejandra76gmail.com,971915688,MKRT39
Manuela Puga,13934894-8,zarnau@hotmail.com,913323742,OK2798
Ángel Fuertes Alemany,14145935-1,duenasbeatriz@hotmail.cl,975892469,LU8599
Vicente Maza Salvador,21526732-1,lorenzomiranda@gmail.com,983209794,IZVX50
Victor Manuel Losada Pujol,22826833-9,irenealvarez@hotmail.cl,996318237,RU5871
Eva Moya Goicoechea,13543864-8,clara85@porcel.cl,930363531,KHUD57
Esperanza Cerdá Julián,14609045-5,clararevilla@yahoo.cl,905149413,BIJQ17
Felipe Alfredo Castilla Palacios,22842383-6,llorenterodrigo@munoz.cl,949147626,IHTQ24
Marc Yáñez Sola,11287089-3,enriquesalmeron@bayon.com,968127749,WN0263
Santiago Fabra Mariscal,11435842-4,javier74@yahoo.cl,979985635,RGZI30
Celia Córdoba-Almeida,15891382-3,jestevez@,968731743,MTML04
Ines Lillo-Pozo,11622093-3,alvaro90@gmail.com,928912181,RIRB86
Ines de Alcolea,17118342-K,ibayo@hotmail.com,954956951,QE3408
Lorena Agudo Adán,22068684-K,mercedesrecio@hotmail.cl,976270172,AJAG73
Francisco Vargas-Zamora,16930182-1,uhierro@hotmail.cl,967203264,ZN9230
Carla Jordán Castañeda,21811775-6,eugenia68@yahoo.cl,930648702,YU4813
Isabel Vila Enríquez,16069646-2,uvalderrama@yahoo.cl,995012784,LN2810
Marcos de Mur,16530965-1,manuelatorres@gmail.cl,903402391,FO2400
Natalia Badía Cal,10520579-7,jose-angel58@gmail.cl,942212917,NUOE94
Jose Ramon Enrique Moliner Nebot,16912261-1,arroyolidia@catalan.com,902793770,BIWQ19
Jose Ignacio Carreras Tenorio,19568756-6,victor-manuel33@gmail.cl,942937361,YSVH48
Gema Santana,18910835-1,albapastor@gmail.cl,913685734,YV6936
Marina Consuelo Marco Cabello,11783341-2,camachoraul@hotmail.com,960702225,XN2801
Gonzalo Palau Pla,10397570-9,fagullo@barroso-bayona.cl,992285624,UYUP58
Purificación Haro Morera,20032887-3,agustijosep@hotmail.cl,989410878,RJ8770
Miriam Sandoval Segura,19185698-1,ismaelzamorano@gmail.cl,917824858,IZUA77
Cristina de Cortes,14663790-9,lorena46@cifuentes.com,977159729,CGUF12
Carolina Ramón,22461190-1,belen75@zamorano-marques.cl,983574063,IPTM34
Emilio Piñeiro Doménech,20213446-4,hleon@hotmail.cl,967470524,VKNJ50
Juan Francisco Pozo Lillo,21111398-4,jquintanilla@hotmail.com,982310332,BE3793
Alfonso Sanjuan,16295592-6,soniaalberola@hotmail.com,925094206,HBKO89
Alberto Cámara Lladó,14153672-3,simojose-francisco@falcon.cl,915831129,KCRE63
Francisco Miralles Sánchez,10458053-1,marquezpablo@lluch.cl,967717812,NBZL98
Ricardo Plaza Alsina,17536436-7,pmaza@yahoo.cl,974242657,NEZI19
Ines Noelia Grau Solé,16329538-9,barriosjose-antonio@hotmail.cl,928545958,MHVR49
Pedro de Linares,22268308-1,claudia91@yahoo.com,952743255,OV1712
Alfredo Castell Arnaiz,11701608-9,maria85@gmail.cl,959332544,UN5560
Sandra Mas Alegria,18814798-2,tnoguera@yahoo.cl,953717682,BP8290
Hugo Frías,14758602-1,pgiron@amores.com,908287704,IEAB99
Remedios Beltrán-Torrent,12184883-8,enriquegranados@gmail.cl,913587393,TG7927
Sonia Casado Garrido,16475697-8,dprieto@egea-vargas.cl,999817773,CD1093
Purificación de Guitart,21081701-2,romanalfredo@hotmail.com,901708102,GQTR46
Francisco Oliver Bellido,12454609-5,alberto11@hotmail.cl,984843890,SQDA21
Jordi Peralta-Gras,12073733-6,castrilloenrique@yahoo.cl,933478265,KVBG11
Mónica Mónica Moles Ibañez,18324520-6,jcamino@arrieta.cl,908061370,TBJO65
Ramon Antúnez Salamanca,11380493-K,@hotmail.cl,952571408,VZII75
Marc Paniagua-Rico,20500191-2,qvallejo@rozas.com,985697526,OO4229
Juan Antonio Ferrando Villena,18823721-9,albertriera@yahoo.com,977835275,JNKX33
Alex Colom Solé,18712908-1,hmorata@vaquero.com,925783725,LT7973
Clara Gibert Huerta,20195454-8,dieguezclara@yahoo.cl,33733516,WW5945
Emilio Pavón-Diéguez,21667928-9,lrocamora@chico.com,965936573,OG1673
Rocio del Julián,16589163-9,cvalencia@guerra.cl,945443846,HUSG87
Gabriel Ayuso Arjona,18372754-1,sorianodiego@gmail.com,924295614,WF7170
Alejandra Vila Amores,14067825-5,@gmail.cl,909427456,YF7908
Emilia Olga Frías Barba,11595700-8,herasmireia@canete.cl,968331727,WVCV60
Vanesa Nicolau Perera,14780968-2,marta97@gmail.cl,906380891,ON0739
Ramon Marcos Flor Adadia,11948719-K,elenarequena@gomis-gomez.cl,910239424,BN2286
Victor Juan Carro Alberola,22344856-8,menendezbelen@infante-rios.cl,943603638,OTSV46
Vanesa Ferrero Galán,13504377-3,herviaenrique@asenjo-quintanilla.com,953979645,ZQZQ90
Josefa Luz Belda,16929806-6,clara73@yahoo.com,967985599,KAKQ76
Gregorio Vallejo Crespo,13843031-6,francisca72@hotmail.cl,906205744,CW9699
Samuel Sarabia Mosquera,18371718-K,xboix@carrillo.com,930512603,ZDKZ10
Albert Chaves,15059715-7,rafael90@yahoo.com,537738244,IKDL06
Daniela Vall Carnero,14575279-5,nchico@yahoo.com,948415004,PTLT92
Daniel Colomer Torrens,13842482-K,zabalaanna@yahoo.cl,956555130,XI8274
Xavier Jose Ramon Salom Leiva,10070967-2,silviabenavides@merino-calvo.com,956120130,OYLO38
Claudia de Aragón,10680770-6,albertomatas@ortiz.cl,972453067,YA6915
Francisca del Camps,13911532-4,nbeltran@hotmail.es,954175701,CI1156
Lucía Grande Gargallo,19026888-2,julian64@alegre.com,922970997,GJPL66
Gloria Palacios Cabrera,13480592-3,canizareseugenia@carbo.com,946258417,UU8978
María Gallart Vázquez,18115303-3,gibertluisa@duque-cabrero.com,964518026,KU4355
Celia Galvez-Riquelme,17.735.618-7,magdalena67@osuna.cl,978708981,NHNU71
Diego Tamayo Carvajal,17581612-7,@gmail.com,961432203,XXFI14
Jose Carlos Cazorla Vendrell,10642790-1,jose-miguelflores@marquez.cl,953537203,GQ7775
Carolina Puga Alcalde,22620755-4,omartin@lago-miralles.com,927416375,FM0132
Enrique Flor Nogueira,14203250-9,miriamnavarro@barrena.com,912875614,MW2851
Mohamed Beltrán Guillén,21397279-7,nuriapalomar@yahoo.cl,921476639,KW3115
Teresa Montserrat Raya Cabrera,22597516-7,soledad12@yahoo.com,977065361,SMPU08
Ruben Carrera Chacón,16281280-2,haroesperanza@cervera.com,15785029,MM1595
Raul del Aragón,12690965-K,esalamanca@hotmail.com,950707112,OVQA49
Francisco Pedrero Uría,19877657-8,jose-ramonzurita@pastor.com,923123129,FMPA12
Eva Concepción Montenegro Mate,11754026-4,saldanasara@hotmail.com,993472258,AT1869
Pablo Lerma Cervantes,19379747-7,silvia03@hotmail.cl,984873150,KL7064
Victoria Aparicio Donaire,13689257-9,javier16@gmail.com,50486490,OGJI90
Marc del Bermúdez,20084261-4,tomas06@hotmail.com,938617123,WF9100
Ines del Gallego,20384247-2,abarralcarrillo.com,918302736,RUML48
Jordi Jesús Alvarado Pazos,22294103-1,nicolas42@yahoo.com,976461526,WKHA92
Rocio Rosselló,144207784,iriarteamparo@yahoo.com,930709503,WBNI71
Irene Cerezo Roig,16942237-3,alejandra21@mayo.com,965709868,ZM9506
Yolanda Múñiz Pons,10779473-8,milagros63@tormo.cl,990891037,JQIV14
Esther Balaguer Juan,19416442-7,gonzalovillena@canovas.cl,913237496,PCMK48
Salvador Torrents-Quintana,17926811-2,alfonsosegui@egea.cl,692846937,GOHO65
Miguel Ángel Ferreras Colom,21699064-1,victoria70@gmail.cl,923831960,EPPM29
Rosa del Huguet,11434371-6,cesarbonilla@hotmail.cl,964149472,KYLY13
Iker Alfredo Barbero Lastra,10308050-2,francisco76@yahoo.cl,390096976,GM1739
Gema Villa Lluch,19510365-1,mario11@escribano.cl,645695311,CWWB90
Belen Hurtado Falcó,21128082-4,elena86@gmail.cl,94764740,VWIS20
Ángel Giménez Quirós,18337599-2,luciavalera@gmail.com,946397982,DYFE06
Claudia Parejo Toledo,13903789-4,miguel-angel03@hotmail.cl,934036821,ROVI29
Daniela Celia Jordá Nogués,14277785-4,jorge73@gmail.com,980883006,STQW29
Trinidad Morata Valenciano,14133099-7,albert66@,964447348,LVUF51
Asunción Ariza,13184213-5,llabresadrian@ferreras.com,949474866,DY1579
Luís Meléndez-Prada,16651289-1,luis-migueldominguez@uria.com,979961302,LWQB65
Ángeles Casanovas Ripoll,21035318-4,qgonzalo@hotmail.com,55971573,HXZK37
Mónica Torres Llorens,13356017-6,escuderorocio@izaguirre-bernad.com,954791224,ZB9002
Miguel Font Gelabert,20408073-3,celiavera@gmail.cl,955009534,FOEN84
Carmen Conesa-Arce,20889038-5,carlaarino@hotmail.com,+56972773242,LD3208
Marc Solé Amo,19235208-8,dolores20@yahoo.cl,971207264,PVDH31
Virginia Agustí Llamas,10762160-9,alex52@nicolau-badia.cl,996128538,QUQM36
Gonzalo Redondo Carranza,10393900-6,pizarrojorgemoran.cl,998398264,XE1270
Nuria Navarrete Salinas,17893915-K,wconesa@yahoo.com,977029555,RNBV17
Dolores Company Ponce,15686812-8,cvalentin@yahoo.cl,931299024,GG7495
Javier Benavides Peñalver,15012954-5,lguitart@hotmail.com,952407830,FDXC24
Juan José Quintana Falcó,13954175-6,josefina40@busquets.com,9463e3372,AFYX75
Adriana Daza Riera,10594459-2,hugo09@quero.es,958981763,MX0113
Irene Esteban Falcón,13305225-2,sandra61@hotmail.com,997447211,MC7301
Josefa Garmendia,16865980-6,josep43@hotmail.cl,918779440,NGTF31
Juan Carlos Tena Hervás,20.619.668-2,ifabra@frias.cl,959514522,UL9006
Marina Andrea Nadal Lara,11877894-8,jose-ramon90@orozco-madrid.cl,990726161,VV7531
Alex Coello-Huguet,16939715-5,arrietaguillermo@torrijos.cl,932154063,PM6974
