8gzA1686;Categoria>Comida>Starbucks
3S0T6368;Categoria>Transporte>Uber
P296I7h0;Categoria>AliExpress
660oB5YA;Categoria>Suscripciones>Spotify
4N702qG1;Categoria>Transporte>Uber
5Kl1v76C;Categoria>AliExpress
3s9p6fPy;Categoria>Comida>Lider
1761v746;Categoria>Suscripciones>Spotify
0US1S5wW;Categoria>Transporte>Red
17276L30;Categoria>AliExpress
f48C2gD4;Categoria>AliExpress
M2373Xcb;Categoria>AliExpress
P8HJd6iE;Categoria>AliExpress
ET2j059U;Categoria>Transporte>Red
3HJ361Xd;Categoria>Transporte>Red
Q89Ndn7d;Categoria>Suscripciones
323BO567;Categoria>Suscripciones>Uber
N842A11q;Categoria>AliExpress
eb75579R;Categoria>Suscripciones>Uber
dx9i43OM;Categoria>Transporte>Uber
Bx1513Z5;Categoria>Transporte>Red
n1w2y383;Categoria>AliExpress
7Tc4f5I1;Categoria>Comida
668Tswr6;Categoria>AliExpress
Y6762Vv0;Categoria>Suscripciones>Spotify
