nombre,edad,correo,genero
Kayden Murphy,40,Kayden.Murphy@gatochico.com,Masculino
Easton Torres,53,Easton.Torres@gatochico.com,Masculino
Miles Jackson,28,Miles.Jackson@gatochico.com,No Responde
Nathan Baker,41,Nathan.Baker@gatochico.com,Masculino
Michael Bennett,41,Michael.Bennett@gatochico.com,Masculino
Everett Alvarez,36,Everett.Alvarez@gatochico.com,Femenino
John Foster,31,John.Foster@gatochico.com,Femenino
Aiden Ward,44,Aiden.Ward@gatochico.com,No Responde
Logan Kelly,21,Logan.Kelly@gatochico.com,No Responde
Wyatt Young,58,Wyatt.Young@gatochico.com,No Responde
Greyson Price,21,Greyson.Price@gatochico.com,Femenino
Jack Anderson,51,Jack.Anderson@gatochico.com,Femenino
Adam Wilson,31,Adam.Wilson@gatochico.com,No Responde
Jordan Mendoza,61,Jordan.Mendoza@gatochico.com,Femenino
Adrian Gomez,54,Adrian.Gomez@gatochico.com,Femenino
Xavier Reed,57,Xavier.Reed@gatochico.com,Femenino
David Ramos,59,David.Ramos@gatochico.com,No Responde
Joshua Wood,42,Joshua.Wood@gatochico.com,No Responde
Silas Sanchez,42,Silas.Sanchez@gatochico.com,No Responde
Maverick Evans,29,Maverick.Evans@gatochico.com,Femenino
William Reed,25,William.Reed@gatochico.com,Femenino
Carson Cook,55,Carson.Cook@gatochico.com,No Responde
Josiah Ross,60,Josiah.Ross@gatochico.com,No Responde
Cooper Ross,48,Cooper.Ross@gatochico.com,No Responde
Joseph Roberts,61,Joseph.Roberts@gatochico.com,Femenino
Jack Ross,27,Jack.Ross@gatochico.com,Masculino
Jaxson Ramirez,45,Jaxson.Ramirez@gatochico.com,No Responde
William Jackson,52,William.Jackson@gatochico.com,No Responde
Leonardo Nelson,63,Leonardo.Nelson@gatochico.com,No Responde
Isaiah Baker,37,Isaiah.Baker@gatochico.com,Femenino
Asher Nguyen,53,Asher.Nguyen@gatochico.com,No Responde
Miles Nguyen,44,Miles.Nguyen@gatochico.com,No Responde
Kayden Bennett,52,Kayden.Bennett@gatochico.com,Femenino
Adam Wood,50,Adam.Wood@gatochico.com,Femenino
Dylan Nguyen,60,Dylan.Nguyen@gatochico.com,No Responde
Parker Ward,26,Parker.Ward@gatochico.com,Femenino
William Watson,58,William.Watson@gatochico.com,No Responde
Ezra Patel,62,Ezra.Patel@gatochico.com,Femenino
John Morales,35,John.Morales@gatochico.com,Femenino
Leo Sanchez,44,Leo.Sanchez@gatochico.com,Masculino
Xavier Patel,18,Xavier.Patel@gatochico.com,Masculino
Mateo Flores,46,Mateo.Flores@gatochico.com,Masculino
Cameron Williams,45,Cameron.Williams@gatochico.com,No Responde
Julian Clark,31,Julian.Clark@gatochico.com,No Responde
Hunter Ortiz,27,Hunter.Ortiz@gatochico.com,Masculino
Jack Castillo,38,Jack.Castillo@gatochico.com,Femenino
Santiago Morgan,44,Santiago.Morgan@gatochico.com,Femenino
Easton Moore,20,Easton.Moore@gatochico.com,No Responde
William Gutierrez,52,William.Gutierrez@gatochico.com,No Responde
Sebastian Sanchez,19,Sebastian.Sanchez@gatochico.com,No Responde
Dylan Moore,22,Dylan.Moore@gatochico.com,No Responde
Jameson Morris,58,Jameson.Morris@gatochico.com,No Responde
Oliver Harris,44,Oliver.Harris@gatochico.com,Masculino
Landon Sanchez,47,Landon.Sanchez@gatochico.com,Masculino
Greyson Jimenez,40,Greyson.Jimenez@gatochico.com,No Responde
Ian Carter,55,Ian.Carter@gatochico.com,No Responde
Oliver Scott,64,Oliver.Scott@gatochico.com,No Responde
Colton Patel,60,Colton.Patel@gatochico.com,No Responde
Parker Flores,28,Parker.Flores@gatochico.com,Masculino
Dylan Howard,57,Dylan.Howard@gatochico.com,Femenino
Elijah Diaz,19,Elijah.Diaz@gatochico.com,Masculino
Xavier Castillo,32,Xavier.Castillo@gatochico.com,Femenino
Christopher Murphy,26,Christopher.Murphy@gatochico.com,Femenino
Lucas Van Sint,26,lucas.van.sint@gatochico.com,Masculino
Lincoln Evans,50,Lincoln.Evans@gatochico.com,No Responde
Greyson Ramos,49,Greyson.Ramos@gatochico.com,Masculino
Michael Cruz,32,Michael.Cruz@gatochico.com,Masculino
Kai Brown,24,Kai.Brown@gatochico.com,No Responde
Lincoln Watson,54,Lincoln.Watson@gatochico.com,Masculino
Hudson Lee,61,Hudson.Lee@gatochico.com,Masculino
Colton Smith,26,Colton.Smith@gatochico.com,Femenino
Leonardo Gray,56,Leonardo.Gray@gatochico.com,No Responde
Adam Lopez,37,Adam.Lopez@gatochico.com,Masculino
Liam Phillips,56,Liam.Phillips@gatochico.com,Masculino
Adrian Johnson,50,Adrian.Johnson@gatochico.com,Masculino
Robert Rivera,21,Robert.Rivera@gatochico.com,No Responde
Connor Hernandez,41,Connor.Hernandez@gatochico.com,Masculino
Henry Brown,19,Henry.Brown@gatochico.com,No Responde
Jaxon Howard,41,Jaxon.Howard@gatochico.com,Masculino
Alexander Roberts,20,Alexander.Roberts@gatochico.com,Femenino
Jace Parker,44,Jace.Parker@gatochico.com,Masculino
Jackson Davis,63,Jackson.Davis@gatochico.com,Femenino
Carson Morris,24,Carson.Morris@gatochico.com,Masculino
Jayden Foster,37,Jayden.Foster@gatochico.com,Femenino
Benjamin Morgan,20,Benjamin.Morgan@gatochico.com,Femenino
Kai Flores,24,Kai.Flores@gatochico.com,Masculino
Nicholas Davis,32,Nicholas.Davis@gatochico.com,No Responde
Luca Thomas,61,Luca.Thomas@gatochico.com,No Responde
Adam Nelson,51,Adam.Nelson@gatochico.com,No Responde
Dylan Gonzalez,43,Dylan.Gonzalez@gatochico.com,Masculino
Nicholas Thompson,62,Nicholas.Thompson@gatochico.com,Femenino
Julian Gutierrez,56,Julian.Gutierrez@gatochico.com,Masculino
Christian Lewis,20,Christian.Lewis@gatochico.com,No Responde
Kayden Edwards,50,Kayden.Edwards@gatochico.com,No Responde
Axel Roberts,21,Axel.Roberts@gatochico.com,No Responde
Jace Gonzalez,35,Jace.Gonzalez@gatochico.com,Masculino
Alexander Ortiz,20,Alexander.Ortiz@gatochico.com,No Responde
Wesley Lee,47,Wesley.Lee@gatochico.com,Femenino
Silas Rivera,35,Silas.Rivera@gatochico.com,Femenino
Easton Gray,50,Easton.Gray@gatochico.com,Masculino
