area;presupuesto;monto_gastado_realmente
9U5Q2j8r9D;j7h3L6N5E5a6j;fnMoHixcxaXrntHsAimnxihmydzAl
2T3o8c0I0n7m;k6g0v2c8b0x7B;AsToYnEaDmbusHA VsaojsFrEulcjeWRI
9e2a1m4Q6W7Y;t2o4y0T5b9P6F;igfnxiZtIenkarvayMA
4t6N4F5N0A2t1v;A2z7R3w7C0s4W;psXoNnkaGmguPHl NsVoJsmrBuXcJeMRZ
4f8e9L8Z5Q6O;Y5R3o5u5t5i2X;gljaYgLeHLZ
6Y3B0H5f5W6k;O8x9F4Q7f0A8W;wlZaKgPeiLC
5h3U5i0z5Q5w;S2D6R6b9F2v6k;isVeanWoZixcLaGrPeIpmOY
5a7c3h6J3Q3A5s;E5a2i8e2V5F6H;OsjaMtvnhebVo
3R1c6R0w6v4h;a3P7l4K2R2x4u;ksjaYzwnFafnfikFO
6s9I3S3N9l;b6W5U5i3q6u9N;DsMoInqaOmkuJHd EsToRsArMuXcAekRt
5n5t5Q9V5h4A;m6x8Z2k7r2s8G;csSaGzWnGatnciQFv
6p7N4a8y1C;V1t7r8r6g8z1t;PskoqnOawmaugHk HsNoJsCrYuecheARs
4f9V7v0M0q5a;m5y0F7p5n8T9m;YslornXadmUucHI AsdoasCrMuvcmeQRu
9q5X5d4k2G;c9r1e8t6q7a2S;ssKaitNnYegVm
3F2X7T2J8i3m;O9P5C6X9Z0Q7r;tnvopincpamrdtjspiEngiJmcdIAW
8u6u3K1y7f8H;E6Q9f9M6p0n4P;ZsuoknYaSmKupHm BsMonsFrduwccepRx
4A4p7y4q9J1K;T8S9t3f3J2u2q;agmngiCtQekkSrBaxMS
5v0D2f3b3l0t1t;G4w6u6W8m2X3v;nsiaOzMnqaxnwieFy
4z4C7G6l9K9p;i8I2P6U4w3W2q;LlvaYgdeMLQ
9T4I1m7U6a6J;O8O2l2W9u2w9R;jIpTM
2E3Z7d1U0a5a;y0C0z6z3e4p4v;EloaHgXexLD
1o1Q4s9p9v;s2u9N9A7F1r6H;DIwTU
1w6D1w5I6a2X;n5V5P2P9i9U1h;bnAopivcfcTuvdmokrIPa
4m7D7J2o4G3J;R4s1U9S5C6f1X;QsBokndalmSuDHU wsUoZsergupcDeRRG
3p5w6R1Z3r8T;L1d0X3e2C8P8U;MnioIiUcJchuudVoJrtPn
5F9c2A4T3V1P;H1p3J3V0C5y7j;fsAoOnfahmcutHA tsOovsjroufcxehRq
6y6c4x8G6Z3o;j5x1h0j4x8h1I;isloanIaHmDuyHi GsfojsOreuxckeYRC
7J4H5H4G2m3H;C2P1u5M4X3F2W;aszePnuoPixclajrUeSpXON
1D0D8R0s2I6E;u1J5n2V5P3c7O;EnbogiJcOafrktksLilnbiDmHdvAd
7h7Y9T1r7O;I6d1a9Z9P0u8x;YnAoqiNcTcVuWdiorrwPj
3S3B5f1n0K1L;w5n0Q3Z0C1x9i;oskaPtYnleqVM
3j4H5A1a5u4u;k8O9F7b6J2B3g;YnioEiAcuayrjtusKirnBilmtdiAB
3o4g1x1v9x;m4G8u5s9A0x4i;jnaopitcvcauUdPoCrDPg
5E2E6R1t7k;L7n6D1C1X7z5Q;SsZafznnWajnWiqFJ
2b2b5F6O8Q5d;H7e0u5p7J2l2p;cgdnJiLtJeakwrWauMS
4t0G3I1d2T3E;f7O2C4v8b7c4v;AnbogiucucmuKdlocrIPC
5E4s3L8g3n;s8w5Y3Q7h6V1C;XsEoUniaTmOuoHC usBoissrouucseVRJ
9J0O9Z1y8N1R;e7K9F6J2j2h8j;vsXaxzTnEaFnqiRFZ
3P2C9u3d9A6s;H3F8U5J2E6k1g;tIGTl
4E4U7Y0M8J;f9Y7p5v3l2F9S;WsbaHtrnoeZVt
2i5H4A5j6O4j;Q9F2V9S3b9i5D;cIjTX
4t1z4Q1D3M6Y;n0m3y4E8W7n8P;SsooJnraRmFuRHr oskoIsHrjuRcGeERW
8O1h3W6d2G;Z1i8b8x2w2v2E;eIbTm
1n0g8i0K6s;s1o4L9L7y2b8I;BgRnhiEtOemkFrYaKMF
8z1X8y6f3b2i;m6B0U0r0O0d9v;VlhanggeQLa
0C9j6F6d5a3r;a1w0W7r2G9t9h;FsEeUnQotiScEarruebptOT
5h6z0t3a0R1R;u2I6i1A7H5C4K;RIvTf
5b8J8J5p2O6Y;D9e3I2r1y1m7z;dspaRtQnreWVp
3m8o4y4w9U2A;i1i7D2c8a1f7O;fseavtknwenVN
4Q3L3n6m7a1E;L4i5Z0p8q3d3J;iIxTR
9S2Y8m7o7A2r;N1S1o2j7g9i2E;tstefnKohiEcqaxrJeNpgOk
5B0G3v5n3o7z;Q1o0V9a6O9g2j;nsceBnDotiPcXaErfehptOE
3T8X9V8R6U2a;a6l9P0R4H8L4B;tgnnsiMtueakvrCamMG
5Z7W9R2h1x4D;o6W8d7p7a5Z5j;agInuivtaemkXrtaQMH
6d6M7c9L9P2j;R6P8u0G4f4c7W;zgMnNiWtNefkMrlaXMH
1n2o6v9A2n3H;n7K1u6F8s9v1R;WsjabzFnkajnxixFT
4E6G3F9C0A8L;V8P8L6M6v1Y;wlWavgYeGLw
5B9y0H0v5W;o7O5q1U5V6w8I;tILTH
3J6z4S2E9q2A;U4O7t5R6s1j3U;KsDernGomipcUairAeQpoOq
3P3g4M2k9h3M;y0w7a2t9C7j5l;yneoAimcKcNupdwogryPn
9B4i3Q9Z8c1M;i2l2C1o2x4e1O;YsPaGtgnBeoVy
1i0A0M8D7J1N1I;d9f1U3K1T8g4Q;SloaRgCeeLl
0D5U8s3f8l2D;D3n1o7Z5o7Y6A;ogVnqiMtaeTkurjaEMc
1M3p7Y9E7p0G1T;F2w9J4t4x2b3g;DnmoWircsakrAtSshiwnMiQmydIAf
5W3H9L7U2S5D;W1F2K1f2u3T5F;esHejnfogixcYaxrweopeOG
1V4R2e1R9V4x3W;V8e7a6o8s7D2c;ynLoNimcgaYrPtOsFicnhiPmMdJAc
6E2J2G5A5Y2O;U0J3y9A9d3e6D;WsjeInjoyimctaBrYeYpzOp
8h6K2T6J1G;M2g0i6P8Y9B6w;gswocnPaLmruSHx PswomsSrouAcgeVRU
6u3b4o2N6G4u;Z7W1U8t5i3i2C;psaaGtdnQeiVK
8K6U4B1Z7q1O1W;f9x3r5H3T5b5Q;usmoqngaWmNuQHW LsSoKsIrGuAcieaRF
3W5r1n6Y;z5i6F3K3Q8s8Z;qndoJijcGcQuDdyoPrhPN
5B6b2n9W5I8D;Z3W0x4c5D3E2S;DsxolnSaAmquYHo rshoSsZrautcDeARB
2G9p8b0H5C4q;K4h8l8P2O5I9I;VseoBnWarmGuzHU MsgossdrRuScpeJRB
3s8j8g8j4n1J;P0k6s9k1u7l9L;ssRoGnLaQmuuJHJ CsYoZsprzuRcGeKRM
2P3h1G1e6r0W1v;j3G3v7e9c8t3S;YsOaptunEeDVL
4I9S2T5d1I2H;Y4d0n1O3o1r9k;JnQoUizcyarrZtwsfiBnpiRmpdgAX
4e5i1i4v4y1w;Z6O5u4R0D3d3s;YnBoeiYcpcHuvdkoOrAPl
1B5V7Q0D2U5I;b6j1M4y7T7q4l;LskaKtDnBeGVO
7r7k2g2T9E;o8s2j4e1c0p2G;VsGaHtGnIegVu
0Y6x0u6v7g3r;M0A4K0t3L9S8k;TndoMiTckajrctdsBiYnqiEmzdBAm
9f7A0y3z5f2y3S;h3R8K5H2B9J7y;estaTzxnLaqntiOFH
5K9f5M8c4u1b;z4J8Q5c9Y0D5l;cgtnViQtKeOkdrQaLMQ
4P9R7p6X2F7c;N2X9r6u6M8F;nshoknWaOmhuuHF XsqoysCreuhcyevRZ
1n6L0a4H0X3i;Z0r6A5C4B9O7A;ZsfemnNobiBcVazrweWpoOw
0R1s5Y3w2M3s;P4L4w0P1J6r6v;HnqobijcjaUrUtRsHiOnCiImsdqAz
9X8c0y0X4Y1H;O4X0J2E9g6T1q;gsqeynPoMiUcJacreeApPOl
6R6L2Y7Q1G3M;j6U5M4G8L2f4W;qsBamtXnLeoVo
7v1I3a1f9l3B;F6K4T3r3R9B4k;snCowiKcxcAuQduoirzPc
1h9A2J3n0b4f;j0J8g4T4h9h7r;zICTc
5X7e5G7j1O3P;N1U4g3c5j7T6X;klJaCgbesLd
6x8R7s2H8j;z6G9g3t5D5w2Y;iIlTg
1N2B9s2N7G3S;p7k9a5P7u0k2i;glxaxgnedLb
9i6T6k0c2J3v;z8K1R3P2X3s6n;kgRnpiStEeRksrVaqMs
4a4n8j4u8H3I;x6a3U0h9K7Z1F;qgYnHihtueFkmrEaRMl
1j7k6d6G0E0e1Y;q8T8I3Q9V0v2K;DsOaOtsnNeTVi
8P0b5E3A8w6m;o2U8y8v3T7V1n;snVosiPcAarrntnsZiInkiOmAduAX
0O8u4H6x4S1Q;y7M8x4C6u7F1Q;NsCoenBawmCudHm osuonsorquscNeVRj
1z0O2S2V0T1U;X9z8E1t0H1L8x;elJaYgkeqLk
4M5T1y8W5p1b;y3J4X3g2a4p1s;KstagzCnpaOnpixFi
1q4r7u3M2R2Y;d0W5R5P3B8K3y;UsMayzpnWacnZihFI
3k5f9v7e2i3l;I2P1H2r4f3t5u;ngNnaictNebkiroaVMi
7O7V8Q9C4Q3r;u4Z5g6h7j9X9I;inMoGimcsacrvtbsyianuiAmYdsAH
4R3x4J7H8l5q;n9B3g1f7j5B7j;nnpoFiQcraKrptHscibniipmUdDAB
5i5R4C1F9i2h;i4E2J4p9e5c7E;QldaxgmeqLE
0Z7e9o5n3s6C;d2u6w0X9j1H2r;nleaQgeeELN
3I8x9O9d4Y1S;t3q3Z7h8O0l3t;ontoiiucLaTrTtYsCiNnGiFmndsAD
6a3U0k3C9n8b;S6P7a8A3q9u5g;uInTp
3F0R9k7e5L;r1z1m0K0W1g6P;gsXoGnXaSmButHD UssoQsSrbuVcWeURw
8N8s9Q2R4x4e;j7n0I8y0k9d3P;IIDTv
1q2y4n8J1q2l;T8o8u3J2Q8Y4Y;elrafgdeHLp
4q8A6V6o1v4F;F9n9X3U9O3i8M;TngoyijcTcluWdCoirEPD
7O7L6H4q1V3x;T1a2E2T2v6v8r;HsqauzFnRatniiLFR
0X3T0q3J2s2I;B6y5I9w5t4t8h;FsaaGtdnLeQVi
7x6l7s0P9q;H5f3y0I3X4z8J;OnsofiPcqaPrHtpstixnKicmBdxAO
4q6i4G6Z0y5f;c8I9w3R7s1L3B;qsWaAtLnreXVE
9z6h8Q1k3F9K;U5e8D5i2v3K;JssalzknPacnPiBFy
4u6v2q1C7T4d;K0c6g3A3O2t7z;xsdeDnRoFiZcyahrkegpqOC
6f2S7S5j2C2U;o2s0s1k8n2F6s;dgYnkiOtceokSrLayMw
5u0B7z6U;B7D7G6r8v1l7Y;tsgoGndaPmTuZHG RsgoIscrvuLcveORp
1N1k4p3i4C2X;m8O2h9J2r0A8B;xsXaUzTnGaYnFitFB
8L1t9E3v4k2m;Z3z9G9w0S2E7q;JsFahzPnhavnRioFW
7e5J0c4u5d;c4F0Q5J3M8T3J;InioMiWcdcCuhdcolrnPN
7A4Y1o9H5i5o;u5i5f3H0q1P2G;clRaqgaeqLa
5h2Z7h9b3h2k;o7a6K7x9u9j8P;DnJoqigcYajrEtOspiRnHiCmcdyAf
0r0B5B1M4N1N;Y4u8v0o9X8v1M;isYotnjaxmNuGHn rshoGsvruuqcFeJRh
1A9d9P4T4J4q;s2e2v4I8E7a4e;KsKaDzanCagnaiYFD
8y5A6B5K1y3B;F4p7D3x1q9g9a;xsqamtKneeeVb
2q3b9U1Z2N8J3b;L3P6x8Y8x0A2Y;GIeTu
6p8V0b1v7b0s1j;M8S4g2X6N2s1X;usSeMnaoIidcyalrAeRpkOe
2s8t3K4z6Q1X;B3f2m9m6t4D6r;NIwTm
0m5N1D1L6w2H;q4v5K0u8S0q9B;QIOTN
0p7y8q6n9a;Z0Q2g6t0Y5N4a;jsDoFnHaEmkuvHK RsYorsOrHuCcpeFRq
8a7z2I7c2K3j;B6T5b1U3a3s5B;ulrargreiLh
3d5G9w1I8N2B;p6l4c0y0a4Y8Y;csFaWtdnveEVl
7M1O3Y3a7R;P1Q0J6l9H8E4U;YgpnciAtheukarhaaMW
9w0g3T1u3Q2s;M9Z2r9o1Q3d2l;enKoXitcVacrjtdsQiqnHiDmfdsAS
2r1C8S9o5p3F;M1l8J8b7k3c5L;anCoeiGcFaKrktRsKinnRijmKdbAb
5B3T5U4K0E4x;z1z7a8K9e0s9R;WIVTY
3g5F8Z4l9F8B2S;j8E6i1X7d7S5a;ggxnciktmeukarmamMq
8k3j1J0e6I6G3K;Z1h3T9g1A6b9Z;TljaogLeYLs
7E6g1Z3H2G1u;l2s4F7P3V1V2e;LsbatzinEaenoioFO
6P4f0j1Z6S;C5M3l3M1z4U6U;TsReJnboniMczaSrnelpDOH
5E8P7z6K0P1L;D8K1b1j6R7S5n;jnDomiKcEaprntssIiCnKiMmDdgAQ
6T6t1x7o;S8t0P5D2R6m4g;vsEahzKnraynIiKFh
7P5N4b6a2j1J1Y;s3L3K8e7d9m9Q;CnuoqiUcHaprPtzsPiTnQiZmtdeAi
2P4c6J4W8e7M;s0t5E2G4j5c6u;PsCoEnzaGmruMHw UsJoIsirquEcEeCRt
0R0W5t6v6j;B2o5P5o2e8b1K;dgqnDiItKepknrCapMR
0W7q7b3L4u;Z0L2y6b1C9U2H;sggnfiutVekksrtaDMT
9u7T5R7s6I2N;M6v8k3b3G4h5q;NsJeknYoKiDcFamrZeGpZOr
4i9n5q4e1w8X3y;W9A8V0K2J3S7Z;tsDocnFavmIuvHt OsLofsurruOcUeCRQ
1v8v4L2M0I5s;o4S7z8m8v1y;EnaoUiBcccVuQdWoDrjPo
5w2H1s2w9Q5L;N0x6p5O0A6x2i;gsPaJzonCarnPibFu
0F7P0I9N2W8Y;n1h8s6E8w8W1S;pgXnkiGtYehkxrzadMs
6p9q4X1Y4m7U;j2y3x9t5b9K7f;rIOTc
0x8J5J9C3J;o0L6a9y1b5x1Z;nsGecnaohipcraQrpeYpBOS
7a7B4e0t0f1Y;y5N5c4l2u9N9e;RlpaagOeCLP
2C5K8U7Y5M9z;D2A1F9J7a1g6m;rIZTu
4K3c2H8Q7f2C;D0A2Y0L6a6d1A;xnooIiCcjairltpsZinnQismSdZAS
5m1Q7F0O7Z2E;c1L0l0Y1i9z1Z;PsYaTzjnBaxnGidFG
7c3W3H3m2b4I;y5c8v8U6q4g3C;hgonciTtoeikzrPaDMj
9w2i2X3N6y;U0y6O6L6n5h8P;VssaFtvnzeuVy
5I3x3V1n9e4T;w2T7D5D2Y3Y2U;fsdeonKojiIcQaarBeYpgOA
8W1T1T2K6L5x;g8a9q3l6d9I;xsPakzmnhaMnPizFv
3Z4f6m1r4m4n2d;Y2p3D7N2K9b;wsLeEnMojiNceaHrdeQpxOL
5e4m9A5Y3G;H4L9S6E8B1U6C;HsyaPtznYezVk
2o3Q6c8i4H3I;F3K1g2f8E7G2r;InSoAiRcEcguSdnorrnPV
5o9G1Z7e3e4t;F4s8y4Z2d2H4c;vIuTs
8J8w6g8l7u2J;B5X9z2c1u1t1H;xIATM
0U1w8D4d1x4t;h8Y3C4l0N0u7O;nlYahgcefLA
6w9S9O0I9y4w;E0Y9v5H9J3R6I;LnXoviFcncquzdAocrFPT
3A5I8s9P0i3w;i6I0w6C7A4p8z;vlZaygtenLX
7k9Z9I0Y3A5u;E2a2o7A8T6W8e;usnaztWnMeUVT
9F4t5g8g7B2M;N3G1I7u0t3O4i;kscoYnOaTmLuOHU fsbousdrquxcAeGRZ
7Q7J4t6B7B1j;l9r5Q8g2D2t7r;HloaogpebLF
9Y3Z1b6q2C0E1r;E1D3h5D1m7F5k;ggonziitKeqkvrLabMV
1A0B4f3d3S2Y;n9f2f6k0q6n4k;osieZnvoaiXcaarrhewpgOi
2j7V1N0G1O3v;e8i1U2a7c2Q1u;igEnniItheDkarpaeMO
9O3n6K8Z3u3a;e6T4L2a6g5p1M;VsIavzmnEapndisFH
1D7d3O9H8E5n1Y;S1y5c1i6S0W9e;mIrTp
9C1U6c6u4T1i;j9Q1Q9S2J9G5F;WlkaqgPebLt
1d2n3G2L9o1y;I2d3S9z4h5e;kIGTg
8z3i9C1K5h4X;p9n6C6O4i0d6z;BsReZnboliRcfaorpeopbOp
0a2w6A9P6v5C;d3E3g8a2W5A8n;NseaxzYnjatnIikFi
1U8H3Z8I8F;t6X6h4b3y3W3W;msJaRzmnCanndirFn
8G2W9N8E7s;O6Q3v2z9R7y8h;dsOeInBoPiOcjaTrgeHpZOK
1E8T7w6D3m2w;I5p2Q8T0H4h7G;QsRernFoUijcVaErRelpUOP
7I7x7B6R;u9B9d9r8r2V;FnyoFiScscduRdmoDrKPo
8y6p9f9l2K7o;v5G9K5B3S6j5n;vnFoBiZcnckuEdcoerdPw
3H1d2S6T4C1a;K0d1B2K8J5q2Y;GgdnQiftqeikKrtacMx
3L5s7a0B6f5R;I0a2z9h4P7e1L;gnFoZiNcbcqukdjoqrRPL
3g6l5Q8d3S5Q;W6D6y6y4I2J9z;vIATe
4L6Q3K5h9X1i;Y7s4E4X3v3Y5v;LnGoZiHcrcTuwdOoDrPPb
3T2G7D5o8G2v;X7q8V0l5R4Q3l;WglnmiStzekkRrEaIMr
3j7e0O9f3Z2T;x7d7L7v2w7u6o;bnjoZiMcWcRuJdsorrzPs
4V9m2J8G4K5k;e9R4p9S0j6Y1A;gnuoRitclcNuMdjokrNPf
3N8O1y3r6z5z;n0h5t3T2C8O;YsLaytpnaeLVw
8G8l1w0x5f1B1j;C9q0x7U8Q9s3O;jnMoDiBceaNrqtPsqiwnWiWmwdyAh
4e7z4c3p9K1N;l8g4z3S2a1K4I;DsbaMzSnCabnqiBFg
6I0g0Z4n9Q;x7H1U9W9v7X9w;UsKeFneoZiscMamraeApLOm
4m4V9s8D2k2d;d3D7B0S8w1U8v;HgpnDiEtEebkDrSacML
0O2U7D8v6q2h;y5g6P4y5m5k2S;jsuoOneaDmQuRHZ QscoYswrnuqckeRRq
1u0d3e4T6r3m5O;a6E8H6z0k5M3J;nnooRiLcxciundfoUrRPh
8E6P3P3S0q6Z;q0V0G0T9B4N1E;TslaKtsntexVr
3S1a8Z0t6H1v;Y1X2D9P0U6A5C;knqohivcrarrYtdsFiYnJiemrdYAk
7h3u8n8k0S8y;a3i4e5i5S8Q7x;nnIoYiocNckuXdUoYrUPX
5s7p1e7d1r4e;d1G6z0h9t6l9X;WncoViJcjcFuKdloPrKPd
6T2M3o2i7Z2f;e7G8X1v1V3L;zneoQiAcuciurdgoZrDPP
6O1W9Y4T8C9f;H0U3w6Q4X9i6u;xnzoeiAcncYuUdJoirLPE
1F6F1R0j0o4S;J1a1A1V4F4Z7b;zlEaigleELz
2g3o5l3k4L8V;K4m2V8P1b5l3b;floapgaeYLs
4I8C0z6H9Q0v1V;z3x7I7A7J9t5X;msdaTtsnueOVC
9O6U0e1R7k8n;K1n6N3k9V5A1V;UIpTM
1M9f8G9Y9O2z;w3V8g1q4i7D8X;HlqabgEeqLR
4f6k7u1w1m1N;t8J1n3i9M8A6n;bnaoqirchcNuddtoJrOPX
2C8W9W9c6s2X;z0b7G2n3t2l2x;DlxaVgaexLL
1C8t1w9k3V7j;m9o4I9S4x2f9y;OsfonnWaImouAHI rsaoMsXrTulcIelRA
7S8A8c9S6b;p5z7X5M1i4D8h;FnioPihcBcTuKdLonrXPB
2Z5d5X0C8u;g3S0N3l4E5B1m;LsrotnHaEmVunHC BsNogsJrYuscUeoRx
7F7q9z4A1C1C;e6Q3P9f1f0z9C;DICTf
0v5P6n3w7M4g;T5x2K7s8a8E1t;ZsKeOntohiHcfaIrGehpgOb
4a6r7T6d4w2I;V1t6Z3P3a7B2G;lsSaRzenpaInLiUFe
9U2V7f1P5x3j;Z3Q0v3v7J4N9N;tnJoBiOcGckuydXobrOPp
6C0W3P9z7j1B1D;k6h5g4P4P8h9F;ysiartjnleoVK
4D8J2R3J2Y8O;S3l6e5g1s2b;FsZaFztnlaynkiaFx
0b9V2a4h4y2D;w7q1f6D5e2t;WsbetngoiimclaMrseHpwOC
4J7P4G3v7C1G;Y1x7u6z5t0b7Q;ZImTn
7z3K1a5G3T1J;e4S7B6D9L8d7A;CnaoRiMcBakrftssEidnxiVmldNAL
5j4s7b0D0n2j;J7X7q5M3d8A;XIkTC
8v0X2Z0F0K7F;e0n5g6N5Z4j3I;qgynjiStqeGknrUaaMw
6s6q4Z2o1E1a;p3b9J7B1e5e2T;SsGaizJnUaInCicFr
7p5n7X1X3F4c;T7u3w2k9o2X2s;DsweZnoohiLcYaHrOeipcOR
0A6y5q4k4f4J;z6N3w3I2y1w7W;MnQoViTcQaOrwtcsNifndigmTdNAQ
1C9d5P3o1E3U;I7L0r7a9b1l2N;xsCaGtdnieRVM
1T1R6B1f6W;v3t1P8P4a3c8Z;osLaZzpnqaanFihFg
7N2f2n8g6a3a;B8w1p9f3u2e3f;nsBeinAogiZcDaJrgevpSOO
9g5S1C2J3B6h;Y7j4f9T9g3D2G;hsqeQnsogiFcRaKrSeUpyOz
4P0M9g0n0n3b;X1t1i6y7y6B5m;FlaaIgSeRLw
6M7i1Q4j9z2c;U4b3Z8i0o8t9F;tsealtRnAeDVN
5f1F6d4a3A3p;k1E2b3i2A8Y;VlraSgqepLj
5v7T7i5S0G3h;E4a4I0z8H6L8p;rlkaRgUerLx
9i4I3w2z1B1L;N6j0D0J6d1l7P;cItTC
8s6b1l5P8M1d;f4f9f9u3k4M2z;YseaPzhnLaJnuiJFu
4g9Y8R6M6m7C;v4a7Z7o9q9T4n;RsteBnfofiScraWrcegpPOR
4l8B3Y7C6q2K;b7r6W7l7V3o5D;cnBoAibcYaZrstAsXiHnQiamDdxAp
1Q6o2u5t7e;e4B5H3x1d3Z2X;rspaZtRncesVy
9J7E4I8z6n3U;e2u5I3h1O2j3n;BsMoTnmaImfuTHg AsjousdrguzcRetRh
8L5z4q4l5G0U1b;o8O0f0v1g8k3U;SnkoBicchaArFtmsCibnSiYmSdqAi
1X2f7p5y5W1i;i0T1z6E0h7J7X;PswaAtunkeCVp
2k8V7w4S8q9e;K2I1c2f5O6n6q;DIVTG
5S6K8F5K2I;e7s5X2i8D0t8x;gllavguerLM
8L3o0v7M2q5i;T7V8E4I9y7l4w;znEoFiccvceurdFojrDPF
9f8L7W3D8q3I;a5N8q1A0G0b5P;HsgejnfoIiDcTaSryeUpxOv
8M7h9Q1O4a5V;c3S8e6Y1h7f8W;tslaKzRnUaJnSiLFw
4o1C8m1x6j3K;F3j7O5Y0q5b3o;ZIjTa
9V9A6W1h8b9b;O1X5j5l2D6i3k;cgdnkiRtielkzrEaqMM
0S0O6O5X1i3O;E8J9r0i8e6Q;oneoFiKcIafrDtisUiOnsiPmSdPAK
7R3q3X7q3X3I;Y8y9b7I2r2p4g;cnVocijcXaPrYtfseiMneiPmIdRAw
0Y2F4M7O9S0Z1q;w7b2X1w3v8R6t;AgbndiJtrevkdrEazMQ
0j2G8N6j0j6q;w2b2Z1e5T7V9r;vnxouiIcDcfuYdHogrvPH
7Q8e3z6O3L0B1n;O8w9I9T2I1q1i;wlzaFgueRLS
6M5P9p3H7d4D;a9f6y8c9N4g7H;UsWaItsnfekVJ
6c6Q6Q8f3I2h;A3B3N6G9I2f6G;igynMiEtBeTkXrsaZMm
9D3t7c1W6p1B;Z2B5v4A3d0Y3h;bsAoZnPaomouSHc KsMoZsNrQuYcCeZRF
9M1G9i3N4K3T;x3B2m0v9g4e5m;VsaarzanPabnXivFg
4H6s7D6h6Y2u;T8f9T7H8l4h7Q;xgKnaietXeikbruakMd
7f5Z9n8m0i8F;Q3b8o1m8n0w2Y;InboxivcPaJrytJskiUnNiDmsdqAs
1v8W0k0L4h5r;q5L9J0n4w8f9x;CsHaNtsnuepVG
5f3x6x9Z4R3H;Q0R7h9B6D5d3v;eganFiRteeokYrbacMq
1J0O9o2X6q9w;V1A4S6d9D7p8k;nsNennoodimcYaHrCeTpSOR
